Feature,Mean,Median,Min,Max
tenure,-2.421272988533637e-17,-0.13727439951791576,-1.318164947398796,1.6137012404433893
MonthlyCharges,-6.406284782161914e-17,0.1857326540996401,-1.5458598200734601,1.7943521502604476
TotalCharges,-1.4880740242029644e-17,-0.3904631977518628,-0.9991202865028981,2.8267431919212935
